Chinese food name,String Locator,Model to Use,Multiplier,active status
外婆酸甜肉,Ahposweet&sourpork,boxTakeOverName0,1.0,1
包公排骨,Baogongporkribs,boxTakeOverName0,1.0,1
凉瓜鸡翅煲,Claypotchickenwithbittergourd,boxTakeOverName0,1.0,1
家乡焖年糕小,Hometownbraisedricecake(small),boxTakeOverName0,1.0,1
南平炒面小,Nanpingfriednoodles(small),boxTakeOverName0,1.0,1
三人行炒饭小,Sanrenxingfriedrice(small),boxTakeOverName0,1.0,1
手工薄饼,Handmadepopiahwithshreddedleanmeat(10pcs),boxTakeOverName0,1.0,1
手工薄饼,Handmadepopiahwithshreddedleanmeat(10pcs)-platform,boxTakeOverName0,1.0,1
尖椒牛柳,Stir-friedbeefwithcapsicum,boxTakeOverName0,1.0,1
宫保鸡丁,Stir-friedgongbaodicedchicken,boxTakeOverName0,1.0,1
油炸松菇鳕鱼,Deepfriedcodwithmushroom,boxTakeOverName0,1.0,1
铁板叁巴苏东,Hotplatesambalsotong,boxTakeOverName0,1.0,1
清蒸松菇鳕鱼,Steamedcodwithmushroom,boxTakeOverName0,1.0,1
上汤苋菜,Spinachinsupremestock,boxTakeOverName0,1.0,1
上汤苋菜,Spinachinsupremestock-platform,boxTakeOverName0,1.0,1
家乡小炒皇,Stir-friedasparaguswithbacon,boxTakeOverName0,1.0,1
冬菇焖绿笋,Stir-friedbambooshootswithmushroom,boxTakeOverName0,1.0,1
西施豆腐,Stir-friedbeancurd,boxTakeOverName0,1.0,1
西施豆腐,Stir-friedbeancurd-platform,boxTakeOverName0,1.0,1
蒜蓉西兰花,Stir-friedbroccoliwithgarlic,boxTakeOverName0,1.0,1
肉碎炒日本毛豆,Stir-friededamamewithdicedpork,boxTakeOverName0,1.0,1
干煸四季豆,Stir-friedfrenchbean,boxTakeOverName0,1.0,1
芥兰腐皮,Stir-friedkailanwithbeancurdskin,boxTakeOverName0,1.0,1
干锅茶树菇,Stir-friedpoplarmushroom,boxTakeOverName0,1.0,1
蒜蓉时蔬,Stir-friedvegetablewithgarlic,boxTakeOverName0,1.0,1
珍菌爆三翠,Stir-friedvegetableswithblackfungus,boxTakeOverName0,1.0,1
毛氏红烧肉,Redbraisedporkbelly,boxTakeOverName0,1.0,1
毛氏红烧肉,Redbraisedporkbelly-platform,boxTakeOverName0,1.0,1
煎酿苦瓜,Panfriedbittergourdwithmeat,boxTakeOverName0,1.0,1
手工薄饼,Lazadahandmadepopiahwithshreddedleanmeat(10pcs),boxTakeOverName0,1.0,1
红焖鳕鱼小,Redbraisedcodfish(small),boxTakeOverName11,1.0,1
红焖顺壳鱼小,Redbraisedsoonhockfish(small),boxTakeOverName11,1.0,1
流沙包3粒,Goldencustardbuns(3pcs),boxTakeOverName0,1.0,1
蘑菇包,Steamedtrufflemushroombuns(3pcs),boxTakeOverName0,1.0,1
北方水饺,Steamedchives&porkdumplings(10pcs),boxTakeOverName0,1.0,1
手工黄糖糍粑,Handmadesweetglutinousricecake,boxTakeOverName0,1.0,1
雪花丸子,Steamedglutinousriceballswithshrimpandmeat(6pcs),boxTakeOverName0,1.0,1
原味小笼包,Steamedporkdumplings,boxTakeOverName0,1.0,1
剁椒云吞,Steamedwantonwithchilli(8pcs),boxTakeOverName0,1.0,1
紫薯玫瑰包,Purplesweetpotatorosebun,boxTakeOverName0,1.0,1
紫薯玫瑰包,Purplesweetpotatorosebun(5pcs),boxTakeOverName0,1.0,1
紫薯玫瑰包,Freepurplesweetpotatorosebun(5pcs),boxTakeOverName0,1.0,1
鱼香茄子煲,Claypoteggplantwithspicygarlicsauce,boxTakeOverName0,1.0,1
东坡肉,Dongpobraisedporkbellywithminimantou4pcs,boxTakeOverName0,2.0,1
蒜蓉瓜尖,Stirfriedpumpkinleaveswithgarlic,boxTakeOverName0,1.0,1
啤酒鸭,Beerbraisedduck,boxTakeOverName0,1.0,1
蒸馒头,Steamedmantou(2pcs),boxTakeOverName0,0.5,1
叁巴炒啦啦,Stir-friedsambalclams,boxTakeOverName0,1.0,1
家乡焖年糕中,Hometownbraisedricecake(medium),boxTakeOverName1,1.0,1
南平炒面中,Nanpingfriednoodles(medium),boxTakeOverName1,1.0,1
三人行炒饭中,Sanrenxingfriedrice(medium),boxTakeOverName1,1.0,1
高原排骨,Porkribsinsavourysweetsauce(4pcs),boxTakeOverName1,1.0,1
干锅高丽菜,Stir-friedcabbagewithporkstrips,boxTakeOverName1,1.0,1
干锅高丽菜,Stir-friedcabbagewithporkstrips-platform,boxTakeOverName1,1.0,1
麻婆豆腐,Stir-friedbeancurdinhotsauce,boxTakeOverName1,1.0,1
白玉菇炒西兰花,Stir-friedbroccoliwithmushroom*,boxTakeOverName1,1.0,1
啤酒鸭,Beerbraisedduck,boxTakeOverName1,1.0,1
叁巴炒啦啦,Stir-friedsambalclams,boxTakeOverName1,1.0,1
外卖套餐$69.90,Takeawaysetfor4$69.90,boxTakeOverName1,1.0,1
特制锅贴,Pan-frieddumplings(6pcs),boxTakeOverName2,1.0,1
拔丝芋头,Stir-friedyamwithsesame,boxTakeOverName2,1.0,1
杏仁脆皮鸡半只,Deepfriedchickenwithalmond(half),boxTakeOverName2,1.0,1
咸蛋鱼皮,Saltedeggfishskin,boxTakeOverName2,1.0,1
杏仁脆皮鸡一只分两盒,Deepfriedwholechickenwithalmond(intwoboxes),boxTakeOverName2,2.0,1
芙蓉蛋,Furongegg,boxTakeOverName2,1.0,1
椒盐白饭鱼,Whitebaitfritters,boxTakeOverName3,1.0,1
金沙鸡中翅,Saltedeggyolkchicken(deboned),boxTakeOverName3,1.0,1
金瓜奶油虾,Pumpkincreamybutterprawns,boxTakeOverName3,1.0,1
金瓜奶油虾,Pumpkincreamybutterprawns-platform,boxTakeOverName3,1.0,1
肉松茄子,Deep-friedeggplantwithporkfloss,boxTakeOverName3,1.0,1
双味卷,Saltedeggfritters,boxTakeOverName3,1.0,1
炸馒头,Friedmantou(2pcs),boxTakeOverName3,0.5,1
旺梨脆皮蛋,Centuryeggswithpineapple,boxTakeOverName4,1.0,1
凉拌海蜇,Jellyfishsalad,boxTakeOverName4,1.0,1
口水鸡,Mouthwateringchicken,boxTakeOverName4,1.0,1
蘑菇沙拉,Mushroomsalad,boxTakeOverName4,1.0,1
绍兴花雕醉鸡,Shaoxinghuadiaodrunkenchicken,boxTakeOverName4,1.0,1
原味椰子芋泥露,Hotyampasteincoconut,boxTakeOverName4,1.0,1
流沙包1粒,Goldencustardbun,boxTakeOverName4,1.0,1
原味椰子芋泥露,Freehotyampasteincoconut,boxTakeOverName4,1.0,1
原味椰子芋泥露,Lazadahotyampasteincoconut,boxTakeOverName4,1.0,1
原味炖盅排骨汤,Doubleboiledporkribsoup,boxTakeOverName4,1.0,1
原味炖盅鸡汤,Doubleboiledchickensoup,boxTakeOverName4,1.0,1
沙葛,turnips,boxTakeOverName4,1.0,1
沙葛,freeturnip,boxTakeOverName4,1.0,1
沙葛,Turnips,boxTakeOverName4,1.0,1
辣妹子,SpecialtyChiliSauce,boxTakeOverName4,1.0,1
红烧鲍鱼,Braisedabalone(2pcs),boxTakeOverName4,1.0,1
红烧鲍鱼1份,Braisedabalone(1pc),boxTakeOverName4,1.0,1
排骨汤配饭,Lazadadoubleboiledporkribsoupwithrice,boxTakeOverName4,1.0,1
宫廷海鲜狮子头,Seafoodwithporkandsaltedeggyolkinchickenbroth(min2orders),boxTakeOverName4,1.0,1
白米饭,Steamedwhiterice,boxTakeOverName4,0.5,1
手工薄饼,Handmadepopiahwithshreddedleanmeat(10pcs),boxTakeOverName5,1.0,1
手工薄饼,Handmadepopiahwithshreddedleanmeat(10pcs)-platform,boxTakeOverName5,1.0,1
脆皮大肠,Deepfriedpig'sintestine,boxTakeOverName5,1.0,1
手工薄饼,Lazadahandmadepopiahwithshreddedleanmeat(10pcs),boxTakeOverName5,1.0,1
金瓜奶油虾,Pumpkincreamybutterprawns,boxTakeOverName5,1.0,1
金瓜奶油虾,Pumpkincreamybutterprawns-platform,boxTakeOverName5,1.0,1
玉米鱼一只,Deepfriedcorn-shapefish(whole),boxTakeOverName5,1.0,1
玉米鱼一只,Lazadadeepfriedcorn-shapedfishwhole,boxTakeOverName5,1.0,1
油炸顺壳鱼,Deepfriedsoonhock*,boxTakeOverName5,1.0,1
薄饼皮4张,Popiahskin-4pcs,boxTakeOverName5,1.0,1
薄饼皮8张,Popiahskin-8pcs,boxTakeOverName5,1.0,1
海鲜烧麦,Steamedseafoodporkdumplings(4pcs),boxTakeOverName5,1.0,1
奶冻盆栽,Oreopuddingwithraspberry,boxTakeOverName5,1.0,1
奶冻盆栽,Freeoreopuddingwithraspberry,boxTakeOverName5,1.0,1
白米饭,Steamedwhiterice,boxTakeOverName5,0.5,1
玉米鱼半只,Deepfriedcorn-shapefish(half),boxTakeOverName6,1.0,1
玉米汁,Cornjuice(warm),boxTakeOverName7,1.0,1
百香果,Passionfruitjuicewithhoney(cold),boxTakeOverName7,1.0,1
百香果,Passionfruitjuicewithhoney(warm),boxTakeOverName7,1.0,1
红毛榴莲,Soursopjuice,boxTakeOverName7,1.0,1
西瓜汁,Watermelonjuice,boxTakeOverName7,1.0,1
蜂蜜柚子茶,Yuzuteawithhoney(cold),boxTakeOverName7,1.0,1
蜂蜜柚子茶,Yuzuteawithhoney(warm),boxTakeOverName7,1.0,1
薏米水,Barleywithaloevera(warm),boxTakeOverName7,1.0,1
薏米水,Barleywithaloevera(cold),boxTakeOverName8,1.0,1
薏米水,Barleywithaloevera(warm),boxTakeOverName8,1.0,1
便当A,BentoA,boxTakeOverName8,1.0,1
便当B,BentoB,boxTakeOverName8,1.0,1
便当C,BentoC,boxTakeOverName8,1.0,1
便当D,BentoD,boxTakeOverName8,1.0,1
便当E,BentoE(Vegetarian),boxTakeOverName8,1.0,1
杏仁脆皮鸡一只,Deepfriedchickenwithalmond(whole),boxTakeOverName9,1.0,1
油炸顺壳鱼,Deepfriedlivesoonhock,boxTakeOverName9,1.0,1
油炸金目鲈,Deepfriedseabass,boxTakeOverName9,1.0,1
剁椒黄瓜鱼,Steamedgroundfishwithchilli,boxTakeOverName9,1.0,1
清蒸金目鲈,Steamedliveseabass,boxTakeOverName9,1.0,1
剁椒金目鲈,Steamedliveseabasswithchilli,boxTakeOverName9,1.0,1
清蒸顺壳鱼,Steamedlivesoonhock,boxTakeOverName9,1.0,1
剁椒顺壳鱼,Steamedsoonhockwithchilli,boxTakeOverName9,1.0,1
油炸顺壳鱼,Deepfriedsoonhock*,boxTakeOverName9,1.0,1
蒜蓉粉丝开边龙虾,Lobsterwithgarlic_min2orders_,boxTakeOverName9,0.5,1
玉米鱼一只,Deepfriedcorn-shapefish(whole),boxTakeOverName10,1.0,1
蒜蓉粉丝开边虾,Steamedgarlicprawnswithvermicelli,boxTakeOverName10,1.0,1
蒜蓉粉丝开边虾,Steamedgarlicprawnswithvermicelli-platform,boxTakeOverName10,1.0,1
剁椒苏东,Steamedsotongwithchilliandvermicelli,boxTakeOverName10,1.0,1
玉米鱼一只,Lazadadeepfriedcorn-shapedfishwhole,boxTakeOverName10,1.0,1
剁椒竹蚌2只,Steamedbambooclamwithvermicelliandchilli-2pcs,boxTakeOverName10,1.0,1
蒜蓉蒸竹蚌2只,Steamedbambooclamwithvermicelliandgarlic-2pcs,boxTakeOverName10,1.0,1
剁椒竹蚌1只,Steamedbambooclamwithvermicelliandchilli-1piece,boxTakeOverName10,1.0,1
蒜蓉蒸竹蚌1只,Steamedbambooclamwithvermicelliandgarlic-1piece,boxTakeOverName10,1.0,1
红烧牛腩面,Braisedbeefnoodlesoup,boxTakeOverName11,1.0,1
海参煲小,Claypotseacucumberwithbroccoli&chestnut(s),boxTakeOverName11,1.0,1
海参煲小,Claypotseacucumberwithbroccoli&chestnut(s)-platform,boxTakeOverName11,1.0,1
担担面,Handmadenoodleinspicysauce,boxTakeOverName11,1.0,1
炸酱面,Handmadenoodlewithmincedporkinbeansauce,boxTakeOverName11,1.0,1
南平焖面小,Braisednanpingnoodle(small),boxTakeOverName11,1.0,1
南平焖面小,Braisednanpingnoodle(s)-Campaign,boxTakeOverName11,1.0,1
南平焖面小,Braisednanpingnoodle(s)-DailySalesPrice,boxTakeOverName11,1.0,1
南平焖面小,Braisednanpingnoodle(s)-FlashDeal,boxTakeOverName11,1.0,1
红焖鳕鱼大,Redbraisedcodfish(large),boxTakeOverName12,1.0,1
红焖顺壳鱼大,Redbraisedsoonhockfish(large),boxTakeOverName12,1.0,1
原味排骨汤面,Handmadenoddleservedwithdouble-boiledporkribsoup,boxTakeOverName11,1.0,1
原味鸡汤面,Handmadenoodleservedwithchickensoup,boxTakeOverName11,1.0,1
剑津笋宴,Bambooshootwithvermicelliseafoodthicksoup,boxTakeOverName12,1.0,1
海参煲中,Claypotseacucumberwithbroccoli&chestnut(m),boxTakeOverName12,1.0,1
南平焖面中,Braisednanpingnoodle(medium),boxTakeOverName12,1.0,1
便当A,BentoA,boxTakeOverName13,1.0,1
便当B,BentoB,boxTakeOverName13,1.0,1
便当C,BentoC,boxTakeOverName13,1.0,1
便当D,BentoD,boxTakeOverName13,1.0,1
便当A,BentoA-Campaign,boxTakeOverName13,1.0,1
便当A,BentoA-DailySalesPrice,boxTakeOverName13,1.0,1
便当A,BentoA-FlashDeal,boxTakeOverName13,1.0,1
便当D,Lazadabentod,boxTakeOverName13,1.0,1
便当E,BentoE(Vegetarian),boxTakeOverName14,1.0,1
家乡焖年糕大,Hometownbraisedricecake(large),boxTakeOverName15,1.0,1
南平炒面大,Nanpingfriednoodles(large),boxTakeOverName15,1.0,1
三人行炒饭大,Sanrenxingfriedrice(large),boxTakeOverName15,1.0,1
水煮牛肉,Sichuanstyleslicedbeef,boxTakeOverName15,1.0,1
风味辣子鸡,Szechuanstylespicychicken,boxTakeOverName15,1.0,1
水煮鱼片,Sichuanstyleslicedfish,boxTakeOverName15,1.0,1
农家木桶鱼,Spicyseabassinbucket,boxTakeOverName15,1.0,1
农家木桶鱼,Spicyfishinbucket*,boxTakeOverName15,1.0,1
水煮鱼片,Lazadaszechuanstyleslicedfish,boxTakeOverName15,1.0,1
风味辣子鸡,Lazadaszechuanstylespicychicken,boxTakeOverName15,1.0,1
避风塘炒虾,Stir-friedprawnsinthetyphoonshelterstyle*,boxTakeOverName15,1.0,1
南平炒面,Nanpingfriednoodles*,boxTakeOverName15,1.0,1
风味辣子鸡,Szechuanstylespicychicken-GEpromo,boxTakeOverName15,1.0,1
大白菜炖花蟹,Braisedcabbagesoupwithflowercrab,boxTakeOverName16,1.0,1
南平焖面大,Braisednanpingnoodle(large),boxTakeOverName16,1.0,1
鸿运肘子,Prosperitypig'strotter,boxTakeOverName16,1.0,1
原味鱼汤,Deepfriedfishsoupinclaypot,boxTakeOverName16,1.0,1
养生锅,Nutritiousstew-potchickenwithmushroom,boxTakeOverName16,1.0,1
养生锅,Lazadastewpotchickenwithmushroom,boxTakeOverName16,1.0,1
龙虾粥,Australianlobsterporridge,boxTakeOverName16,1.0,1
腰果,Cashew,boxTakeOverName17,1.0,1
腰果,Freecashew,boxTakeOverName17,1.0,1
辣妹子,Freespecialtychillisauce,boxTakeOverName17,1.0,1
腰果,Maltoscashew,boxTakeOverName17,1.0,1
辣妹子,Specialtychilisauce,boxTakeOverName17,1.0,1
辣妹子,Lazadaspecialtychilisauce,boxTakeOverName17,1.0,1
湿纸巾,WetTowel,boxTakeOverName18,1.0,1
茶香熏鸭,Tea-infusedsmokedduck,boxTakeOverName19,1.0,1
蒜泥白肉,Porkbellywithgarlicsauce,boxTakeOverName19,1.0,1
白米饭,Steamedwhiterice,boxTakeOverName19,1.0,1
草包饭,Strawbagrice,boxTakeOverName19,1.0,1
马蹄糕,Freewaterchestnutcake(4pcs),boxTakeOverName19,1.0,1
马蹄糕,Freewaterchestnutcake(6pcs),boxTakeOverName19,1.0,1
马蹄糕,Waterchestnutcake(6pc),boxTakeOverName19,1.0,1
排骨汤配饭,Lazadadoubleboiledporkribsoupwithrice,boxTakeOverName19,1.0,1
桂花糕,Osmanthusflowerjelly(4pcs),boxTakeOverName19,1.0,1
桂花糕,Freeosmanthusjelly(4pcs),boxTakeOverName19,1.0,1
桃胶,Nourishingpeachgumdessert-hot,boxTakeOverName20,1.0,1
桃胶,Nourishingpeachgumdessert-cold,boxTakeOverName20,1.0,1
桃胶,Freenourishingpeachgumdessert(cold),boxTakeOverName20,1.0,1
桃胶,Freenourishingpeachgumdessert(hot),boxTakeOverName20,1.0,1
便当A,BentoA,boxTakeOverName20,0.1,1
另加鲍鱼(1粒),Additionalabalone,boxTakeOverName5,1.0,1
金猪报喜(半只),Crispyroastedpig(half),boxTakeOverName9,1.0,1
金猪报喜(一只分两盒),Crispyroastedpig(wholeintwoboxes),boxTakeOverName9,2.0,1
金猪报喜(一只),Crispyroastedpig(whole),boxTakeOverName24,1.0,1
手工年糕,Freehandmadericecake,boxTakeOverName25,1.0,1
鱼生大,Freeprosperityabaloneyusheng(L),boxTakeOverName24,1.0,1
鱼生大,Prosperityabaloneyusheng(L),boxTakeOverName24,1.0,1
鱼生大,Freeprosperityabaloneyusheng(L),boxTakeOverName5,1.0,1
鱼生大,Prosperityabaloneyusheng(L),boxTakeOverName5,1.0,1
鱼生大,Prosperityabaloneyusheng(setfor8),boxTakeOverName5,1.0,1
鱼生大,Prosperityabaloneyusheng(setfor8),boxTakeOverName24,1.0,1
鱼生大,Prosperityabaloneyusheng(setfor10),boxTakeOverName24,1.0,1
鱼生大,Prosperityabaloneyusheng(setfor10),boxTakeOverName5,1.0,1
鱼生中,Freeprosperityabaloneyusheng(M),boxTakeOverName23,1.0,1
鱼生中,Prosperityabaloneyusheng(M),boxTakeOverName23,1.0,1
鱼生中,Freeprosperityabaloneyusheng(M),boxTakeOverName5,1.0,1
鱼生中,Prosperityabaloneyusheng(M),boxTakeOverName5,1.0,1
鱼生中,Prosperityabaloneyusheng(setfor6),boxTakeOverName5,1.0,1
鱼生中,Prosperityabaloneyusheng(setfor6),boxTakeOverName23,1.0,1
鱼生小,Prosperityabaloneyusheng(S),boxTakeOverName22,1.0,1
鱼生小,Freeprosperityabaloneyusheng(S),boxTakeOverName22,1.0,1
鱼生小,Prosperityabaloneyusheng(S),boxTakeOverName5,1.0,1
鱼生小,Freeprosperityabaloneyusheng(S),boxTakeOverName5,1.0,1
鱼生小,Prosperityabaloneyusheng(setfor4),boxTakeOverName5,1.0,1
鱼生小,Prosperityabaloneyusheng(setfor4),boxTakeOverName22,1.0,1
鱼生特小,Prosperityabaloneyusheng(SS),boxTakeOverName21,1.0,1
鱼生特小,Freeprosperityabaloneyusheng(SS),boxTakeOverName21,1.0,1
鱼生特小,Prosperityabaloneyusheng(SS),boxTakeOverName5,1.0,1
鱼生特小,Freeprosperityabaloneyusheng(SS),boxTakeOverName5,1.0,1
鱼生特小,Prosperityabaloneyusheng(setfor2),boxTakeOverName5,1.0,1
鱼生特小,Prosperityabaloneyusheng(setfor2),boxTakeOverName21,1.0,1
蜜汁烧鸭一只,Honeyroastedduck(whole),boxTakeOverName9,1.0,1
蜜汁烧鸭一只分两盒,Honeyroastedduck(wholeintwoboxes),boxTakeOverName10,2.0,1
蜜汁烧鸭半只,Honeyroastedduck(half),boxTakeOverName10,1.0,1
蜜汁烧鸭一只,Honeyroastedduck(whole),boxTakeOverName5,1.0,1
蜜汁烧鸭一只分两盒,Honeyroastedduck(wholeintwoboxes),boxTakeOverName5,1.0,1
蜜汁烧鸭半只,Honeyroastedduck(half),boxTakeOverName5,1.0,1
白灼活虾,Steamedliveprawns,boxTakeOverName0,1.0,1
白灼活虾,Steamedliveprawns,boxTakeOverName1,1.0,1
白灼活虾,Steamedliveprawns,boxTakeOverName5,1.0,1
10人传统盆菜,Traditionaltreasurepotfor10,boxTakeOverName12,1.0,1
4人传统盆菜,Traditionaltreasurepotfor4,boxTakeOverName11,1.0,1
6人传统盆菜,Traditionaltreasurepotfor6,boxTakeOverName11,1.0,1
8人传统盆菜,Traditionaltreasurepotfor8,boxTakeOverName12,1.0,1
10人鲍鱼盆菜,Treasurepotwithabalonefor10,boxTakeOverName12,1.0,1
10人鲍鱼盆菜,Treasurepotwithabalonefor10,boxTakeOverName4,2.0,1
4人鲍鱼盆菜,Treasurepotwithabalonefor4,boxTakeOverName5,1.5,1
4人鲍鱼盆菜,Treasurepotwithabalonefor4,boxTakeOverName11,1.0,1
6人鲍鱼盆菜,Treasurepotwithabalonefor6,boxTakeOverName4,1.0,1
6人鲍鱼盆菜,Treasurepotwithabalonefor6,boxTakeOverName11,1.0,1
8人鲍鱼盆菜,Treasurepotwithabalonefor8,boxTakeOverName4,1.0,1
8人鲍鱼盆菜,Treasurepotwithabalonefor8,boxTakeOverName12,1.0,1
极品花胶炖甘榜鸡,Doubleboiledkampongchickensoupwithpremiumfishmaw,boxTakeOverName4,1.0,1
红豆沙汤圆,Glutinousredbeanriceballs(min2orders),boxTakeOverName20,1.0,1
红豆沙汤圆,Freeglutinousredbeanriceball,boxTakeOverName20,1.0,1
新年2人套餐,CNYsetmenufor2(takeaway),boxTakeOverName11,2.0,1
新年2人套餐,CNYsetmenufor2(takeaway),boxTakeOverName5,2.0,1
新年2人套餐,CNYsetmenufor2(takeaway),boxTakeOverName4,2.0,1
新年2人套餐,CNYsetmenufor2(takeaway),boxTakeOverName0,2.0,1
新年2人套餐,CNYsetmenufor2(takeaway),boxTakeOverName20,2.0,1
新年4人套餐A,CNYsetmenufor4A(takeaway),boxTakeOverName3,1.0,1
新年4人套餐A,CNYsetmenufor4A(takeaway),boxTakeOverName5,2.0,1
新年4人套餐A,CNYsetmenufor4A(takeaway),boxTakeOverName16,1.0,1
新年4人套餐A,CNYsetmenufor4A(takeaway),boxTakeOverName9,1.0,1
新年4人套餐A,CNYsetmenufor4A(takeaway),boxTakeOverName0,3.0,1
新年4人套餐A,CNYsetmenufor4A(takeaway),boxTakeOverName12,2.0,1
新年4人套餐A,CNYsetmenufor4A(takeaway),boxTakeOverName20,5.0,1
新年4人套餐A,CNYsetmenufor4A(takeaway),boxTakeOverName11,2.0,1
新年4人套餐A,CNYsetmenufor4A(takeaway),boxTakeOverName4,2.0,1
新年4人套餐B,CNYsetmenufor4B(takeaway),boxTakeOverName11,3.0,1
新年4人套餐B,CNYsetmenufor4B(takeaway),boxTakeOverName5,4.0,1
新年4人套餐B,CNYsetmenufor4B(takeaway),boxTakeOverName9,2.0,1
新年4人套餐B,CNYsetmenufor4B(takeaway),boxTakeOverName0,1.0,1
新年4人套餐B,CNYsetmenufor4B(takeaway),boxTakeOverName4,2.0,1
新年4人套餐B,CNYsetmenufor4B(takeaway),boxTakeOverName12,3.0,1
新年6人套餐A,CNYsetmenufor6A(takeaway),boxTakeOverName11,1.0,1
新年6人套餐A,CNYsetmenufor6A(takeaway),boxTakeOverName16,5.0,1
新年6人套餐A,CNYsetmenufor6A(takeaway),boxTakeOverName9,1.0,1
新年6人套餐A,CNYsetmenufor6A(takeaway),boxTakeOverName5,2.0,1
新年6人套餐A,CNYsetmenufor6A(takeaway),boxTakeOverName1,1.0,1
新年6人套餐A,CNYsetmenufor6A(takeaway),boxTakeOverName4,2.0,1
新年6人套餐A,CNYsetmenufor6A(takeaway),boxTakeOverName0,2.0,1
新年6人套餐A,CNYsetmenufor6A(takeaway),boxTakeOverName15,2.0,1
新年6人套餐B,CNYsetmenufor6B(takeaway),boxTakeOverName11,1.0,1
新年6人套餐B,CNYsetmenufor6B(takeaway),boxTakeOverName4,2.0,1
新年6人套餐B,CNYsetmenufor6B(takeaway),boxTakeOverName9,2.0,1
新年6人套餐B,CNYsetmenufor6B(takeaway),boxTakeOverName1,1.0,1
新年6人套餐B,CNYsetmenufor6B(takeaway),boxTakeOverName0,1.0,1
新年6人套餐B,CNYsetmenufor6B(takeaway),boxTakeOverName16,2.0,1
新年6人套餐B,CNYsetmenufor6B(takeaway),boxTakeOverName15,2.0,1
新年8人套餐A,CNYsetmenufor8A(takeaway),boxTakeOverName16,3.0,1
新年8人套餐A,CNYsetmenufor8A(takeaway),boxTakeOverName3,1.0,1
新年8人套餐A,CNYsetmenufor8A(takeaway),boxTakeOverName2,1.0,1
新年8人套餐A,CNYsetmenufor8A(takeaway),boxTakeOverName4,2.0,1
新年8人套餐A,CNYsetmenufor8A(takeaway),boxTakeOverName12,1.0,1
新年8人套餐A,CNYsetmenufor8A(takeaway),boxTakeOverName10,1.0,1
新年8人套餐A,CNYsetmenufor8A(takeaway),boxTakeOverName9,1.0,1
新年8人套餐A,CNYsetmenufor8A(takeaway),boxTakeOverName5,2.0,1
新年8人套餐A,CNYsetmenufor8A(takeaway),boxTakeOverName15,2.0,1
新年8人套餐B,CNYsetmenufor8B(takeaway),boxTakeOverName12,1.0,1
新年8人套餐B,CNYsetmenufor8B(takeaway),boxTakeOverName4,2.0,1
新年8人套餐B,CNYsetmenufor8B(takeaway),boxTakeOverName9,2.0,1
新年8人套餐B,CNYsetmenufor8B(takeaway),boxTakeOverName1,1.0,1
新年8人套餐B,CNYsetmenufor8B(takeaway),boxTakeOverName10,3.0,1
新年8人套餐B,CNYsetmenufor8B(takeaway),boxTakeOverName2,1.0,1
新年8人套餐B,CNYsetmenufor8B(takeaway),boxTakeOverName16,1.0,1
新年8人套餐B,CNYsetmenufor8B(takeaway),boxTakeOverName15,1.0,1
新年10人套餐A,CNYsetmenufor10A(takeaway),boxTakeOverName16,4.0,1
新年10人套餐A,CNYsetmenufor10A(takeaway),boxTakeOverName2,1.0,1
新年10人套餐A,CNYsetmenufor10A(takeaway),boxTakeOverName3,1.0,1
新年10人套餐A,CNYsetmenufor10A(takeaway),boxTakeOverName5,3.0,1
新年10人套餐A,CNYsetmenufor10A(takeaway),boxTakeOverName4,3.0,1
新年10人套餐A,CNYsetmenufor10A(takeaway),boxTakeOverName15,2.0,1
新年10人套餐A,CNYsetmenufor10A(takeaway),boxTakeOverName10,3.0,1
新年10人套餐A,CNYsetmenufor10A(takeaway),boxTakeOverName9,1.0,1
新年10人套餐A,CNYsetmenufor10A(takeaway),boxTakeOverName1,1.0,1
新年10人套餐B,CNYsetmenufor10B(takeaway),boxTakeOverName12,2.0,1
新年10人套餐B,CNYsetmenufor10B(takeaway),boxTakeOverName4,2.0,1
新年10人套餐B,CNYsetmenufor10B(takeaway),boxTakeOverName9,3.0,1
新年10人套餐B,CNYsetmenufor10B(takeaway),boxTakeOverName5,2.0,1
新年10人套餐B,CNYsetmenufor10B(takeaway),boxTakeOverName1,2.0,1
新年10人套餐B,CNYsetmenufor10B(takeaway),boxTakeOverName10,3.0,1
新年10人套餐B,CNYsetmenufor10B(takeaway),boxTakeOverName2,1.0,1
新年10人套餐B,CNYsetmenufor10B(takeaway),boxTakeOverName16,3.0,1
新年10人套餐B,CNYsetmenufor10B(takeaway),boxTakeOverName15,1.0,1
新年十全十美套餐,Perfectsetfor10(takeaway),boxTakeOverName12,2.0,1
新年十全十美套餐,Perfectsetfor10(takeaway),boxTakeOverName4,5.0,1
新年十全十美套餐,Perfectsetfor10(takeaway),boxTakeOverName9,7.0,1
新年十全十美套餐,Perfectsetfor10(takeaway),boxTakeOverName24,1.0,1
新年十全十美套餐,Perfectsetfor10(takeaway),boxTakeOverName1,1.0,1
新年十全十美套餐,Perfectsetfor10(takeaway),boxTakeOverName16,5.0,1
新年十全十美套餐,Perfectsetfor10(takeaway),boxTakeOverName5,2.0,1
新年十全十美套餐,Perfectsetfor10(takeaway),boxTakeOverName10,2.0,1
新年十全十美套餐,Perfectsetfor10(takeaway),boxTakeOverName15,2.0,1
白米饭,SteamedWhiteRice,boxTakeOverName20,0.05,1
四川冰粉,Freesichuanstylejelly,boxTakeOverName4,1.0,1
四川冰粉,Freesichuanstylejelly,boxTakeOverName20,1.0,1
四川冰粉,Sichuanstylejelly,boxTakeOverName20,1.0,1
四川冰粉,Sichuanstylejelly,boxTakeOverName4,1.0,1
金猪报喜半只,CrispyRoastedPig(Half),boxTakeOverName10,0.8,1
金猪报喜一只,CrispyRoastedPig(Whole),boxTakeOverName9,0.8,1
辣椒酱和腰果一套,Freesetofchiliandcashew,boxTakeOverName17,2.0,1
上汤苋菜(小),Spinachinsupremestock(s),boxTakeOverName0,1.0,1
上汤苋菜(大),Spinachinsupremestock(l),boxTakeOverName1,1.0,1
家乡小炒皇(小),Stir-friedasparaguswithbacon(s),boxTakeOverName0,1.0,1
家乡小炒皇(大),Stir-friedasparaguswithbacon(l),boxTakeOverName1,1.0,1
西施豆腐(小),Stir-friedbeancurd(s),boxTakeOverName0,1.0,1
西施豆腐(大),Stir-friedbeancurd(l),boxTakeOverName1,1.0,1
干煸四季豆(小),Dry-friedstringbeans(s),boxTakeOverName0,1.0,1
干煸四季豆(大),Dry-friedstringbeans(l),boxTakeOverName1,1.0,1
芥兰腐皮(小),Stir-friedkailanwithbeancurdskin(s),boxTakeOverName0,1.0,1
芥兰腐皮(大),Stir-friedkailanwithbeancurdskin(l),boxTakeOverName1,1.0,1
蒜蓉时蔬(小),Stir-friedvegetablewithgarlic(s),boxTakeOverName0,1.0,1
蒜蓉时蔬(大),Stir-friedvegetablewithgarlic(l),boxTakeOverName1,1.0,1
珍菌爆三翠(小),Stir-friedvegetableswithblackfungus(s),boxTakeOverName0,1.0,1
珍菌爆三翠(大),Stir-friedvegetableswithblackfungus(l),boxTakeOverName1,1.0,1
酸菜鱼,Sauerkrautfish,boxTakeOverName16,1.0,1
叁巴炒啦啦(小),Stir-friedsambalclams(s),boxTakeOverName0,1.0,1
叁巴炒啦啦(大),Stir-friedsambalclams(l),boxTakeOverName1,1.0,1
叁巴炒饭(小),Sambalfriedrice(s),boxTakeOverName0,1.0,1
叁巴炒饭(中),Sambalfriedrice(m),boxTakeOverName1,1.0,1
叁巴炒饭(大),Sambalfriedrice(l),boxTakeOverName15,1.0,1
外婆酸甜肉小,Ahposweetsourpork(s),boxTakeOverName0,1.0,1
外婆酸甜肉大,Ahposweetsourpork(l),boxTakeOverName1,1.0,1
包公排骨大,Baogongporkribs(l),boxTakeOverName1,1.0,1
包公排骨小,Baogongporkribs(s),boxTakeOverName0,1.0,1
金沙鸡中翅小,Saltedeggyolkchicken(deboned)(s),boxTakeOverName3,1.0,1
金沙鸡中翅大,Saltedeggyolkchicken(deboned)(l),boxTakeOverName2,1.0,1
蒜蓉粉丝开边虾小,Steamedgarlicprawnswithvermicelli(s),boxTakeOverName10,1.0,1
蒜蓉粉丝开边虾大,Steamedgarlicprawnswithvermicelli(l),boxTakeOverName10,1.0,1
金瓜奶油虾小,Pumpkincreamybutterprawns(s),boxTakeOverName3,1.0,1
金瓜奶油虾小,Pumpkincreamybutterprawns(s),boxTakeOverName5,1.0,1
金瓜奶油虾大,Pumpkincreamybutterprawns(l),boxTakeOverName2,1.0,1
金瓜奶油虾大,Pumpkincreamybutterprawns(l),boxTakeOverName5,1.0,1
